workerid,prolific_participant_id
58,60fc7e65371fda2b07e87282
80,60fcdd8599d18f3caf737f38
23,5e8a303d9a92e402f46f6361
85,60fd6cbf924c243f5437a793
72,60fe2f58680a2a10474d95e1
28,5ed43533bdae560e1127454b
45,5fa9fffcf843322ce7456283
65,6102b2123f073e595b65c933
64,60ff28bf981fb46cfc88df22
75,60737b97d01c3800e734921d
24,5e649c198b69732234df7db8
22,56e076de907c12000be3ac99
67,6101d686dc9bf9c963e5856d
31,5aa71c911eda41000136e1ad
25,5ef459442f85d701235bf29e
86,5f9f851d2e1eb45e7fa4bdb5
42,6020b33e0cc9536dd1b546b1
39,5a443812817d1800018d1179
90,60fd5a99c4e4ead0c9a6fff4
81,5c38aadf1d1d1f000197c0a8
60,5f87243d41202a0ecf8ee9c5
88,60fd019e45461e8b70752d56
68,60ff491397e0ebd4ddfb6eef
17,5b0d66909663ee000145a1af
27,5de9ef512dc5c612021d3038
29,5f823bd518de93163777381c
74,5bc52ce6ee01b70001b0ad57
36,5d3ba5e0b75e10001a09d587
48,5ef40d535e50381c98657458
63,60fd070f70f438c044ec9455
13,61019ad0f4f4b9ff091ed81e
43,610803a251c218b330cae33a
41,60fc4e76e4523586fe53f307
30,60fd68c042738664376391e8
82,5f98a6f472208c1bac70c2c2
44,5bc6261ed1a8d6000116dc69
87,5cb657c6efd4130001bc0041
37,5c592aeb41e398000153b4c5
70,61007aafd1a7a55075b9b2a0
77,60fef063ee71638be88882bf
84,5831f1cf565a7100012a1285
53,5f72ff5aa63263021a216824
16,5dee7e6c381d6351e95be4ef
46,5c1bf2d025bab90001f233fd
83,5fd6f4f71b8e6c6772e3109f
26,57bdccc4761a3a0001a7d098
66,6108a671bbaa08bc4758fd95
19,5fc9a415aacaf14df94e6868
56,5eb3ade7c66e621a76d48c66
32,572f676f3c27e7000d0b3f9b
59,61083373d6f889e13e5f62a5
40,5fe11db9341f42b1b3c1f0a9
61,5bd58aabc3d3ba0001f24c43
49,5efa5ee9526cb014da183efe
47,5b90b56f42e93f00017cc85a
57,5dbb4449b4715a13fa2ffbed
76,5f963718a844b719781e9e85
14,61019ad0f4f4b9ff091ed81e
69,61084109d30c258c50ea54fd
51,606ce950bef1f305c877048d
38,5f6e5e0cc9a73b39778169c6
91,60fe4ee92d2a050caa391eb8
78,60fdca90f099eae5d18ad2ef
18,5b6d2886b89e90000132b51e
35,610daad3691938ee804ac099
73,6109a6e65fed731dcaecb1f1
62,60feea86c2cd1da8825671bc
21,5b71c56d457b53000118dec7
89,60ff065d825996f14aba7225
